train,Abuse,Abuse032_x264,0
train,Abuse,Abuse029_x264,0
train,Abuse,Abuse030_x264,0
train,Abuse,Abuse031_x264,0
train,Abuse,Abuse014_x264,0
train,Abuse,Abuse018_x264,0
train,Abuse,Abuse020_x264,0
train,Abuse,Abuse023_x264,0
train,Abuse,Abuse026_x264,0
train,Abuse,Abuse028_x264,0
train,Abuse,Abuse013_x264,0
train,Abuse,Abuse016_x264,0
train,Abuse,Abuse017_x264,0
train,Abuse,Abuse015_x264,0
train,Abuse,Abuse019_x264,0
train,Abuse,Abuse021_x264,0
train,Abuse,Abuse022_x264,0
train,Abuse,Abuse024_x264,0
train,Abuse,Abuse025_x264,0
train,Abuse,Abuse027_x264,0
train,Abuse,Abuse037_x264,0
train,Abuse,Abuse040_x264,0
train,Abuse,Abuse033_x264,0
train,Abuse,Abuse035_x264,0
train,Abuse,Abuse038_x264,0
train,Abuse,Abuse041_x264,0
train,Abuse,Abuse034_x264,0
train,Abuse,Abuse036_x264,0
train,Abuse,Abuse039_x264,0
train,Abuse,Abuse042_x264,0
train,Abuse,Abuse044_x264,0
train,Abuse,Abuse048_x264,0
train,Abuse,Abuse043_x264,0
train,Abuse,Abuse046_x264,0
train,Abuse,Abuse047_x264,0
train,Abuse,Abuse045_x264,0
train,Abuse,Abuse049_x264,0
train,Abuse,Abuse050_x264,0
train,Arrest,Arrest014_x264,0
train,Arrest,Arrest013_x264,0
train,Arrest,Arrest015_x264,0
train,Arrest,Arrest016_x264,0
train,Arrest,Arrest018_x264,0
train,Arrest,Arrest020_x264,0
train,Arrest,Arrest022_x264,0
train,Arrest,Arrest024_x264,0
train,Arrest,Arrest026_x264,0
train,Arrest,Arrest017_x264,0
train,Arrest,Arrest019_x264,0
train,Arrest,Arrest021_x264,0
train,Arrest,Arrest023_x264,0
train,Arrest,Arrest025_x264,0
train,Arrest,Arrest027_x264,0
train,Arrest,Arrest036_x264,0
train,Arrest,Arrest037_x264,0
train,Arrest,Arrest030_x264,0
train,Arrest,Arrest032_x264,0
train,Arrest,Arrest034_x264,0
train,Arrest,Arrest044_x264,0
train,Arrest,Arrest040_x264,0
train,Arrest,Arrest042_x264,0
train,Arrest,Arrest031_x264,0
train,Arrest,Arrest033_x264,0
train,Arrest,Arrest035_x264,0
train,Arrest,Arrest028_x264,0
train,Arrest,Arrest038_x264,0
train,Arrest,Arrest046_x264,0
train,Arrest,Arrest041_x264,0
train,Arrest,Arrest043_x264,0
train,Arrest,Arrest029_x264,0
train,Arrest,Arrest039_x264,0
train,Arrest,Arrest047_x264,0
train,Arrest,Arrest048_x264,0
train,Arrest,Arrest049_x264,0
train,Arrest,Arrest050_x264,0
train,Arrest,Arrest051_x264,0
train,Arson,Arson019_x264,0
train,Arson,Arson021_x264,0
train,Arson,Arson015_x264,0
train,Arson,Arson017_x264,0
train,Arson,Arson014_x264,0
train,Arson,Arson016_x264,0
train,Arson,Arson018_x264,0
train,Arson,Arson020_x264,0
train,Arson,Arson022_x264,0
train,Arson,Arson034_x264,0
train,Arson,Arson037_x264,0
train,Arson,Arson023_x264,0
train,Arson,Arson025_x264,0
train,Arson,Arson027_x264,0
train,Arson,Arson029_x264,0
train,Arson,Arson031_x264,0
train,Arson,Arson035_x264,0
train,Arson,Arson038_x264,0
train,Arson,Arson040_x264,0
train,Arson,Arson024_x264,0
train,Arson,Arson026_x264,0
train,Arson,Arson028_x264,0
train,Arson,Arson030_x264,0
train,Arson,Arson032_x264,0
train,Arson,Arson036_x264,0
train,Arson,Arson039_x264,0
train,Arson,Arson041_x264,0
train,Arson,Arson045_x264,0
train,Arson,Arson047_x264,0
train,Arson,Arson052_x264,0
train,Arson,Arson042_x264,0
train,Arson,Arson044_x264,0
train,Arson,Arson046_x264,0
train,Arson,Arson049_x264,0
train,Arson,Arson050_x264,0
train,Arson,Arson051_x264,0
train,Arson,Arson048_x264,0
train,Arson,Arson053_x264,0
train,Assault,Assault030_x264,0
train,Assault,Assault013_x264,0
train,Assault,Assault015_x264,0
train,Assault,Assault014_x264,0
train,Assault,Assault016_x264,0
train,Assault,Assault019_x264,0
train,Assault,Assault022_x264,0
train,Assault,Assault024_x264,0
train,Assault,Assault027_x264,0
train,Assault,Assault029_x264,0
train,Assault,Assault032_x264,0
train,Assault,Assault034_x264,0
train,Assault,Assault037_x264,0
train,Assault,Assault040_x264,0
train,Assault,Assault042_x264,0
train,Assault,Assault047_x264,0
train,Assault,Assault031_x264,0
train,Assault,Assault017_x264,0
train,Assault,Assault018_x264,0
train,Assault,Assault020_x264,0
train,Assault,Assault023_x264,0
train,Assault,Assault025_x264,0
train,Assault,Assault026_x264,0
train,Assault,Assault028_x264,0
train,Assault,Assault033_x264,0
train,Assault,Assault035_x264,0
train,Assault,Assault036_x264,0
train,Assault,Assault038_x264,0
train,Assault,Assault039_x264,0
train,Assault,Assault045_x264,0
train,Assault,Assault041_x264,0
train,Assault,Assault046_x264,0
train,Assault,Assault044_x264,0
train,Assault,Assault049_x264,0
train,Assault,Assault051_x264,0
train,Assault,Assault048_x264,0
train,Assault,Assault050_x264,0
train,Assault,Assault052_x264,0
train,Burglary,Burglary013_x264,0
train,Burglary,Burglary015_x264,0
train,Burglary,Burglary014_x264,0
train,Burglary,Burglary016_x264,0
train,Burglary,Burglary019_x264,0
train,Burglary,Burglary021_x264,0
train,Burglary,Burglary023_x264,0
train,Burglary,Burglary017_x264,0
train,Burglary,Burglary018_x264,0
train,Burglary,Burglary020_x264,0
train,Burglary,Burglary022_x264,0
train,Burglary,Burglary026_x264,0
train,Burglary,Burglary027_x264,0
train,Burglary,Burglary032_x264,0
train,Burglary,Burglary035_x264,0
train,Burglary,Burglary028_x264,0
train,Burglary,Burglary030_x264,0
train,Burglary,Burglary033_x264,0
train,Burglary,Burglary029_x264,0
train,Burglary,Burglary031_x264,0
train,Burglary,Burglary034_x264,0
train,Burglary,Burglary042_x264,0
train,Burglary,Burglary038_x264,0
train,Burglary,Burglary040_x264,0
train,Burglary,Burglary043_x264,0
train,Burglary,Burglary045_x264,0
train,Burglary,Burglary039_x264,0
train,Burglary,Burglary041_x264,0
train,Burglary,Burglary044_x264,0
train,Burglary,Burglary046_x264,0
train,Burglary,Burglary049_x264,0
train,Burglary,Burglary025_x264,0
train,Burglary,Burglary037_x264,0
train,Burglary,Burglary024_x264,0
train,Burglary,Burglary036_x264,0
train,Burglary,Burglary047_x264,0
train,Burglary,Burglary048_x264,0
train,Burglary,Burglary050_x264,0
train,Explosion,Explosion013_x264,0
train,Explosion,Explosion015_x264,0
train,Explosion,Explosion014_x264,0
train,Explosion,Explosion016_x264,0
train,Explosion,Explosion018_x264,0
train,Explosion,Explosion022_x264,0
train,Explosion,Explosion024_x264,0
train,Explosion,Explosion026_x264,0
train,Explosion,Explosion028_x264,0
train,Explosion,Explosion030_x264,0
train,Explosion,Explosion033_x264,0
train,Explosion,Explosion020_x264,0
train,Explosion,Explosion017_x264,0
train,Explosion,Explosion019_x264,0
train,Explosion,Explosion021_x264,0
train,Explosion,Explosion023_x264,0
train,Explosion,Explosion025_x264,0
train,Explosion,Explosion027_x264,0
train,Explosion,Explosion037_x264,0
train,Explosion,Explosion029_x264,0
train,Explosion,Explosion032_x264,0
train,Explosion,Explosion034_x264,0
train,Explosion,Explosion044_x264,0
train,Explosion,Explosion038_x264,0
train,Explosion,Explosion040_x264,0
train,Explosion,Explosion042_x264,0
train,Explosion,Explosion035_x264,0
train,Explosion,Explosion045_x264,0
train,Explosion,Explosion039_x264,0
train,Explosion,Explosion041_x264,0
train,Explosion,Explosion043_x264,0
train,Explosion,Explosion036_x264,0
train,Explosion,Explosion046_x264,0
train,Explosion,Explosion051_x264,0
train,Explosion,Explosion048_x264,0
train,Explosion,Explosion050_x264,0
train,Explosion,Explosion047_x264,0
train,Explosion,Explosion052_x264,0
train,Fighting,Fighting014_x264,0
train,Fighting,Fighting015_x264,0
train,Fighting,Fighting017_x264,0
train,Fighting,Fighting019_x264,0
train,Fighting,Fighting021_x264,0
train,Fighting,Fighting016_x264,0
train,Fighting,Fighting018_x264,0
train,Fighting,Fighting020_x264,0
train,Fighting,Fighting022_x264,0
train,Fighting,Fighting023_x264,0
train,Fighting,Fighting032_x264,0
train,Fighting,Fighting035_x264,0
train,Fighting,Fighting026_x264,0
train,Fighting,Fighting028_x264,0
train,Fighting,Fighting030_x264,0
train,Fighting,Fighting033_x264,0
train,Fighting,Fighting024_x264,0
train,Fighting,Fighting036_x264,0
train,Fighting,Fighting027_x264,0
train,Fighting,Fighting029_x264,0
train,Fighting,Fighting031_x264,0
train,Fighting,Fighting034_x264,0
train,Fighting,Fighting025_x264,0
train,Fighting,Fighting037_x264,0
train,Fighting,Fighting038_x264,0
train,Fighting,Fighting040_x264,0
train,Fighting,Fighting043_x264,0
train,Fighting,Fighting045_x264,0
train,Fighting,Fighting047_x264,0
train,Fighting,Fighting039_x264,0
train,Fighting,Fighting042_x264,0
train,Fighting,Fighting044_x264,0
train,Fighting,Fighting046_x264,0
train,Fighting,Fighting048_x264,0
train,Fighting,Fighting050_x264,0
train,Fighting,Fighting049_x264,0
train,Fighting,Fighting051_x264,0
train,Normal_Videos_event,Normal_Videos_634_x264,0
train,Normal_Videos_event,Normal_Videos_352_x264,0
train,Normal_Videos_event,Normal_Videos_365_x264,0
train,Normal_Videos_event,Normal_Videos_439_x264,0
train,Normal_Videos_event,Normal_Videos_453_x264,0
train,Normal_Videos_event,Normal_Videos_576_x264,0
train,Normal_Videos_event,Normal_Videos_603_x264,0
train,Normal_Videos_event,Normal_Videos_317_x264,0
train,Normal_Videos_event,Normal_Videos_345_x264,0
train,Normal_Videos_event,Normal_Videos_360_x264,0
train,Normal_Videos_event,Normal_Videos_401_x264,0
train,Normal_Videos_event,Normal_Videos_417_x264,0
train,Normal_Videos_event,Normal_Videos_452_x264,0
train,Normal_Videos_event,Normal_Videos_606_x264,0
train,Normal_Videos_event,Normal_Videos_621_x264,0
train,Normal_Videos_event,Normal_Videos_656_x264,0
train,Normal_Videos_event,Normal_Videos_704_x264,0
train,Normal_Videos_event,Normal_Videos_781_x264,0
train,Normal_Videos_event,Normal_Videos_801_x264,0
train,Normal_Videos_event,Normal_Videos_877_x264,0
train,Normal_Videos_event,Normal_Videos_905_x264,0
train,Normal_Videos_event,Normal_Videos_722_x264,0
train,Normal_Videos_event,Normal_Videos_828_x264,0
train,Normal_Videos_event,Normal_Videos_885_x264,0
train,Normal_Videos_event,Normal_Videos_641_x264,0
train,Normal_Videos_event,Normal_Videos_696_x264,0
train,Normal_Videos_event,Normal_Videos_913_x264,0
train,Normal_Videos_event,Normal_Videos_758_x264,0
train,Normal_Videos_event,Normal_Videos_745_x264,0
train,Normal_Videos_event,Normal_Videos_798_x264,0
train,Normal_Videos_event,Normal_Videos_831_x264,0
train,Normal_Videos_event,Normal_Videos_892_x264,0
train,Normal_Videos_event,Normal_Videos_881_x264,0
train,Normal_Videos_event,Normal_Videos_912_x264,0
train,Normal_Videos_event,Normal_Videos_914_x264,0
train,Normal_Videos_event,Normal_Videos_929_x264,0
train,Normal_Videos_event,Normal_Videos_478_x264,0
train,Normal_Videos_event,Normal_Videos_597_x264,0
train,RoadAccidents,RoadAccidents013_x264,0
train,RoadAccidents,RoadAccidents014_x264,0
train,RoadAccidents,RoadAccidents016_x264,0
train,RoadAccidents,RoadAccidents019_x264,0
train,RoadAccidents,RoadAccidents022_x264,0
train,RoadAccidents,RoadAccidents024_x264,0
train,RoadAccidents,RoadAccidents026_x264,0
train,RoadAccidents,RoadAccidents031_x264,0
train,RoadAccidents,RoadAccidents034_x264,0
train,RoadAccidents,RoadAccidents037_x264,0
train,RoadAccidents,RoadAccidents040_x264,0
train,RoadAccidents,RoadAccidents042_x264,0
train,RoadAccidents,RoadAccidents048_x264,0
train,RoadAccidents,RoadAccidents028_x264,0
train,RoadAccidents,RoadAccidents015_x264,0
train,RoadAccidents,RoadAccidents017_x264,0
train,RoadAccidents,RoadAccidents018_x264,0
train,RoadAccidents,RoadAccidents020_x264,0
train,RoadAccidents,RoadAccidents021_x264,0
train,RoadAccidents,RoadAccidents023_x264,0
train,RoadAccidents,RoadAccidents025_x264,0
train,RoadAccidents,RoadAccidents029_x264,0
train,RoadAccidents,RoadAccidents030_x264,0
train,RoadAccidents,RoadAccidents027_x264,0
train,RoadAccidents,RoadAccidents032_x264,0
train,RoadAccidents,RoadAccidents033_x264,0
train,RoadAccidents,RoadAccidents035_x264,0
train,RoadAccidents,RoadAccidents044_x264,0
train,RoadAccidents,RoadAccidents036_x264,0
train,RoadAccidents,RoadAccidents038_x264,0
train,RoadAccidents,RoadAccidents039_x264,0
train,RoadAccidents,RoadAccidents041_x264,0
train,RoadAccidents,RoadAccidents050_x264,0
train,RoadAccidents,RoadAccidents046_x264,0
train,RoadAccidents,RoadAccidents047_x264,0
train,RoadAccidents,RoadAccidents043_x264,0
train,RoadAccidents,RoadAccidents049_x264,0
train,RoadAccidents,RoadAccidents051_x264,0
train,Robbery,Robbery014_x264,0
train,Robbery,Robbery028_x264,0
train,Robbery,Robbery029_x264,0
train,Robbery,Robbery030_x264,0
train,Robbery,Robbery013_x264,0
train,Robbery,Robbery031_x264,0
train,Robbery,Robbery035_x264,0
train,Robbery,Robbery033_x264,0
train,Robbery,Robbery015_x264,0
train,Robbery,Robbery038_x264,0
train,Robbery,Robbery039_x264,0
train,Robbery,Robbery037_x264,0
train,Robbery,Robbery041_x264,0
train,Robbery,Robbery043_x264,0
train,Robbery,Robbery044_x264,0
train,Robbery,Robbery046_x264,0
train,Robbery,Robbery047_x264,0
train,Robbery,Robbery049_x264,0
train,Robbery,Robbery050_x264,0
train,Robbery,Robbery016_x264,0
train,Robbery,Robbery017_x264,0
train,Robbery,Robbery018_x264,0
train,Robbery,Robbery025_x264,0
train,Robbery,Robbery026_x264,0
train,Robbery,Robbery032_x264,0
train,Robbery,Robbery034_x264,0
train,Robbery,Robbery036_x264,0
train,Robbery,Robbery040_x264,0
train,Robbery,Robbery042_x264,0
train,Robbery,Robbery045_x264,0
train,Robbery,Robbery048_x264,0
train,Robbery,Robbery027_x264,0
train,Robbery,Robbery019_x264,0
train,Robbery,Robbery020_x264,0
train,Robbery,Robbery021_x264,0
train,Robbery,Robbery024_x264,0
train,Robbery,Robbery022_x264,0
train,Robbery,Robbery023_x264,0
train,Shooting,Shooting013_x264,0
train,Shooting,Shooting014_x264,0
train,Shooting,Shooting015_x264,0
train,Shooting,Shooting017_x264,0
train,Shooting,Shooting018_x264,0
train,Shooting,Shooting019_x264,0
train,Shooting,Shooting020_x264,0
train,Shooting,Shooting021_x264,0
train,Shooting,Shooting022_x264,0
train,Shooting,Shooting023_x264,0
train,Shooting,Shooting024_x264,0
train,Shooting,Shooting025_x264,0
train,Shooting,Shooting026_x264,0
train,Shooting,Shooting027_x264,0
train,Shooting,Shooting030_x264,0
train,Shooting,Shooting029_x264,0
train,Shooting,Shooting031_x264,0
train,Shooting,Shooting032_x264,0
train,Shooting,Shooting033_x264,0
train,Shooting,Shooting034_x264,0
train,Shooting,Shooting036_x264,0
train,Shooting,Shooting037_x264,0
train,Shooting,Shooting039_x264,0
train,Shooting,Shooting040_x264,0
train,Shooting,Shooting038_x264,0
train,Shooting,Shooting041_x264,0
train,Shooting,Shooting042_x264,0
train,Shooting,Shooting043_x264,0
train,Shooting,Shooting044_x264,0
train,Shooting,Shooting046_x264,0
train,Shooting,Shooting047_x264,0
train,Shooting,Shooting048_x264,0
train,Shooting,Shooting050_x264,0
train,Shooting,Shooting051_x264,0
train,Shooting,Shooting052_x264,0
train,Shooting,Shooting053_x264,0
train,Shooting,Shooting054_x264,0
train,Shooting,Shooting028_x264,0
train,Shoplifting,Shoplifting015_x264,0
train,Shoplifting,Shoplifting016_x264,0
train,Shoplifting,Shoplifting017_x264,0
train,Shoplifting,Shoplifting018_x264,0
train,Shoplifting,Shoplifting019_x264,0
train,Shoplifting,Shoplifting020_x264,0
train,Shoplifting,Shoplifting021_x264,0
train,Shoplifting,Shoplifting022_x264,0
train,Shoplifting,Shoplifting024_x264,0
train,Shoplifting,Shoplifting025_x264,0
train,Shoplifting,Shoplifting026_x264,0
train,Shoplifting,Shoplifting027_x264,0
train,Shoplifting,Shoplifting028_x264,0
train,Shoplifting,Shoplifting029_x264,0
train,Shoplifting,Shoplifting032_x264,0
train,Shoplifting,Shoplifting030_x264,0
train,Shoplifting,Shoplifting031_x264,0
train,Shoplifting,Shoplifting033_x264,0
train,Shoplifting,Shoplifting034_x264,0
train,Shoplifting,Shoplifting036_x264,0
train,Shoplifting,Shoplifting037_x264,0
train,Shoplifting,Shoplifting038_x264,0
train,Shoplifting,Shoplifting039_x264,0
train,Shoplifting,Shoplifting040_x264,0
train,Shoplifting,Shoplifting041_x264,0
train,Shoplifting,Shoplifting042_x264,0
train,Shoplifting,Shoplifting043_x264,0
train,Shoplifting,Shoplifting044_x264,0
train,Shoplifting,Shoplifting045_x264,0
train,Shoplifting,Shoplifting047_x264,0
train,Shoplifting,Shoplifting048_x264,0
train,Shoplifting,Shoplifting049_x264,0
train,Shoplifting,Shoplifting050_x264,0
train,Shoplifting,Shoplifting051_x264,0
train,Shoplifting,Shoplifting052_x264,0
train,Shoplifting,Shoplifting053_x264,0
train,Shoplifting,Shoplifting054_x264,0
train,Shoplifting,Shoplifting055_x264,0
train,Stealing,Stealing015_x264,0
train,Stealing,Stealing016_x264,0
train,Stealing,Stealing017_x264,0
train,Stealing,Stealing018_x264,0
train,Stealing,Stealing019_x264,0
train,Stealing,Stealing020_x264,0
train,Stealing,Stealing021_x264,0
train,Stealing,Stealing022_x264,0
train,Stealing,Stealing023_x264,0
train,Stealing,Stealing024_x264,0
train,Stealing,Stealing025_x264,0
train,Stealing,Stealing026_x264,0
train,Stealing,Stealing027_x264,0
train,Stealing,Stealing028_x264,0
train,Stealing,Stealing031_x264,0
train,Stealing,Stealing029_x264,0
train,Stealing,Stealing030_x264,0
train,Stealing,Stealing032_x264,0
train,Stealing,Stealing035_x264,0
train,Stealing,Stealing036_x264,0
train,Stealing,Stealing037_x264,0
train,Stealing,Stealing042_x264,0
train,Stealing,Stealing043_x264,0
train,Stealing,Stealing044_x264,0
train,Stealing,Stealing045_x264,0
train,Stealing,Stealing046_x264,0
train,Stealing,Stealing047_x264,0
train,Stealing,Stealing048_x264,0
train,Stealing,Stealing049_x264,0
train,Stealing,Stealing050_x264,0
train,Stealing,Stealing051_x264,0
train,Stealing,Stealing052_x264,0
train,Stealing,Stealing053_x264,0
train,Stealing,Stealing054_x264,0
train,Stealing,Stealing055_x264,0
train,Stealing,Stealing057_x264,0
train,Stealing,Stealing058_x264,0
train,Stealing,Stealing059_x264,0
train,Vandalism,Vandalism013_x264,0
train,Vandalism,Vandalism014_x264,0
train,Vandalism,Vandalism015_x264,0
train,Vandalism,Vandalism016_x264,0
train,Vandalism,Vandalism017_x264,0
train,Vandalism,Vandalism018_x264,0
train,Vandalism,Vandalism019_x264,0
train,Vandalism,Vandalism020_x264,0
train,Vandalism,Vandalism021_x264,0
train,Vandalism,Vandalism022_x264,0
train,Vandalism,Vandalism023_x264,0
train,Vandalism,Vandalism024_x264,0
train,Vandalism,Vandalism025_x264,0
train,Vandalism,Vandalism026_x264,0
train,Vandalism,Vandalism029_x264,0
train,Vandalism,Vandalism030_x264,0
train,Vandalism,Vandalism031_x264,0
train,Vandalism,Vandalism032_x264,0
train,Vandalism,Vandalism033_x264,0
train,Vandalism,Vandalism034_x264,0
train,Vandalism,Vandalism035_x264,0
train,Vandalism,Vandalism036_x264,0
train,Vandalism,Vandalism037_x264,0
train,Vandalism,Vandalism038_x264,0
train,Vandalism,Vandalism039_x264,0
train,Vandalism,Vandalism040_x264,0
train,Vandalism,Vandalism041_x264,0
train,Vandalism,Vandalism042_x264,0
train,Vandalism,Vandalism043_x264,0
train,Vandalism,Vandalism044_x264,0
train,Vandalism,Vandalism045_x264,0
train,Vandalism,Vandalism046_x264,0
train,Vandalism,Vandalism047_x264,0
train,Vandalism,Vandalism048_x264,0
train,Vandalism,Vandalism049_x264,0
train,Vandalism,Vandalism050_x264,0
train,Vandalism,Vandalism027_x264,0
train,Vandalism,Vandalism028_x264,0
test,Abuse,Abuse001_x264,0
test,Abuse,Abuse002_x264,0
test,Abuse,Abuse003_x264,0
test,Abuse,Abuse004_x264,0
test,Abuse,Abuse005_x264,0
test,Abuse,Abuse006_x264,0
test,Abuse,Abuse007_x264,0
test,Abuse,Abuse008_x264,0
test,Abuse,Abuse009_x264,0
test,Abuse,Abuse010_x264,0
test,Abuse,Abuse011_x264,0
test,Abuse,Abuse012_x264,0
test,Arrest,Arrest001_x264,0
test,Arrest,Arrest002_x264,0
test,Arrest,Arrest003_x264,0
test,Arrest,Arrest004_x264,0
test,Arrest,Arrest005_x264,0
test,Arrest,Arrest006_x264,0
test,Arrest,Arrest007_x264,0
test,Arrest,Arrest008_x264,0
test,Arrest,Arrest009_x264,0
test,Arrest,Arrest010_x264,0
test,Arrest,Arrest011_x264,0
test,Arrest,Arrest012_x264,0
test,Arson,Arson001_x264,0
test,Arson,Arson002_x264,0
test,Arson,Arson003_x264,0
test,Arson,Arson005_x264,0
test,Arson,Arson006_x264,0
test,Arson,Arson007_x264,0
test,Arson,Arson008_x264,0
test,Arson,Arson009_x264,0
test,Arson,Arson010_x264,0
test,Arson,Arson011_x264,0
test,Arson,Arson012_x264,0
test,Arson,Arson013_x264,0
test,Assault,Assault001_x264,0
test,Assault,Assault002_x264,0
test,Assault,Assault003_x264,0
test,Assault,Assault004_x264,0
test,Assault,Assault005_x264,0
test,Assault,Assault006_x264,0
test,Assault,Assault007_x264,0
test,Assault,Assault008_x264,0
test,Assault,Assault009_x264,0
test,Assault,Assault010_x264,0
test,Assault,Assault011_x264,0
test,Assault,Assault012_x264,0
test,Burglary,Burglary001_x264,0
test,Burglary,Burglary002_x264,0
test,Burglary,Burglary003_x264,0
test,Burglary,Burglary004_x264,0
test,Burglary,Burglary005_x264,0
test,Burglary,Burglary006_x264,0
test,Burglary,Burglary007_x264,0
test,Burglary,Burglary008_x264,0
test,Burglary,Burglary009_x264,0
test,Burglary,Burglary010_x264,0
test,Burglary,Burglary011_x264,0
test,Burglary,Burglary012_x264,0
test,Explosion,Explosion001_x264,0
test,Explosion,Explosion002_x264,0
test,Explosion,Explosion003_x264,0
test,Explosion,Explosion004_x264,0
test,Explosion,Explosion005_x264,0
test,Explosion,Explosion006_x264,0
test,Explosion,Explosion007_x264,0
test,Explosion,Explosion008_x264,0
test,Explosion,Explosion009_x264,0
test,Explosion,Explosion010_x264,0
test,Explosion,Explosion011_x264,0
test,Explosion,Explosion012_x264,0
test,Fighting,Fighting002_x264,0
test,Fighting,Fighting003_x264,0
test,Fighting,Fighting004_x264,0
test,Fighting,Fighting005_x264,0
test,Fighting,Fighting006_x264,0
test,Fighting,Fighting007_x264,0
test,Fighting,Fighting008_x264,0
test,Fighting,Fighting009_x264,0
test,Fighting,Fighting010_x264,0
test,Fighting,Fighting011_x264,0
test,Fighting,Fighting012_x264,0
test,Fighting,Fighting013_x264,0
test,Normal_Videos_event,Normal_Videos_015_x264,0
test,Normal_Videos_event,Normal_Videos_050_x264,0
test,Normal_Videos_event,Normal_Videos_100_x264,0
test,Normal_Videos_event,Normal_Videos_129_x264,0
test,Normal_Videos_event,Normal_Videos_150_x264,0
test,Normal_Videos_event,Normal_Videos_246_x264,0
test,Normal_Videos_event,Normal_Videos_247_x264,0
test,Normal_Videos_event,Normal_Videos_248_x264,0
test,Normal_Videos_event,Normal_Videos_251_x264,0
test,Normal_Videos_event,Normal_Videos_289_x264,0
test,Normal_Videos_event,Normal_Videos_310_x264,0
test,Normal_Videos_event,Normal_Videos_312_x264,0
test,RoadAccidents,RoadAccidents001_x264,0
test,RoadAccidents,RoadAccidents002_x264,0
test,RoadAccidents,RoadAccidents003_x264,0
test,RoadAccidents,RoadAccidents004_x264,0
test,RoadAccidents,RoadAccidents005_x264,0
test,RoadAccidents,RoadAccidents006_x264,0
test,RoadAccidents,RoadAccidents007_x264,0
test,RoadAccidents,RoadAccidents008_x264,0
test,RoadAccidents,RoadAccidents009_x264,0
test,RoadAccidents,RoadAccidents010_x264,0
test,RoadAccidents,RoadAccidents011_x264,0
test,RoadAccidents,RoadAccidents012_x264,0
test,Robbery,Robbery001_x264,0
test,Robbery,Robbery002_x264,0
test,Robbery,Robbery003_x264,0
test,Robbery,Robbery004_x264,0
test,Robbery,Robbery005_x264,0
test,Robbery,Robbery006_x264,0
test,Robbery,Robbery007_x264,0
test,Robbery,Robbery008_x264,0
test,Robbery,Robbery009_x264,0
test,Robbery,Robbery010_x264,0
test,Robbery,Robbery011_x264,0
test,Robbery,Robbery012_x264,0
test,Shooting,Shooting001_x264,0
test,Shooting,Shooting002_x264,0
test,Shooting,Shooting003_x264,0
test,Shooting,Shooting004_x264,0
test,Shooting,Shooting005_x264,0
test,Shooting,Shooting006_x264,0
test,Shooting,Shooting007_x264,0
test,Shooting,Shooting008_x264,0
test,Shooting,Shooting009_x264,0
test,Shooting,Shooting010_x264,0
test,Shooting,Shooting011_x264,0
test,Shooting,Shooting012_x264,0
test,Shoplifting,Shoplifting001_x264,0
test,Shoplifting,Shoplifting003_x264,0
test,Shoplifting,Shoplifting004_x264,0
test,Shoplifting,Shoplifting005_x264,0
test,Shoplifting,Shoplifting006_x264,0
test,Shoplifting,Shoplifting007_x264,0
test,Shoplifting,Shoplifting008_x264,0
test,Shoplifting,Shoplifting009_x264,0
test,Shoplifting,Shoplifting010_x264,0
test,Shoplifting,Shoplifting012_x264,0
test,Shoplifting,Shoplifting013_x264,0
test,Shoplifting,Shoplifting014_x264,0
test,Stealing,Stealing002_x264,0
test,Stealing,Stealing003_x264,0
test,Stealing,Stealing004_x264,0
test,Stealing,Stealing006_x264,0
test,Stealing,Stealing007_x264,0
test,Stealing,Stealing008_x264,0
test,Stealing,Stealing009_x264,0
test,Stealing,Stealing010_x264,0
test,Stealing,Stealing011_x264,0
test,Stealing,Stealing012_x264,0
test,Stealing,Stealing013_x264,0
test,Stealing,Stealing014_x264,0
test,Vandalism,Vandalism001_x264,0
test,Vandalism,Vandalism002_x264,0
test,Vandalism,Vandalism003_x264,0
test,Vandalism,Vandalism004_x264,0
test,Vandalism,Vandalism005_x264,0
test,Vandalism,Vandalism008_x264,0
test,Vandalism,Vandalism006_x264,0
test,Vandalism,Vandalism007_x264,0
test,Vandalism,Vandalism009_x264,0
test,Vandalism,Vandalism010_x264,0
test,Vandalism,Vandalism011_x264,0
test,Vandalism,Vandalism012_x264,0
